Treatment,treat,Group,Aperture
Pre,A,A,2.383
Pre,A,A,3.032
Pre,A,A,2.449
Pre,A,A,2.684
Pre,A,A,1.043
Pre,A,A,3.536
Pre,A,A,1.913
Pre,A,A,3.222
Pre,A,A,2.043
Pre,A,A,1.856
Pre,A,A,0.802
Pre,A,A,2.029
Pre,A,A,3.972
Pre,A,A,0.298
Pre,A,A,1.986
Pre,A,A,1.033
Pre,A,A,2.066
Pre,A,A,2.141
Pre,A,A,2.012
Pre,A,A,2.628
Pre,A,A,2.073
Pre,A,A,3.109
Pre,A,A,1.225
Pre,A,A,0.695
Pre,A,A,1.441
Pre,A,A,2.334
Pre,A,A,2.468
Pre,A,A,1.972
Pre,A,A,0.984
Pre,A,A,4.132
Pre,A,A,1.146
Pre,A,A,0.094
Pre,A,A,1.15
Pre,A,A,0.54
Pre,A,A,2.641
Pre,A,A,1.998
Pre,A,A,2.457
Pre,A,A,1.708
Pre,A,A,3.509
Pre,A,A,3.056
Pre,A,A,2.202
Pre,A,A,3.872
Pre,A,A,2.865
Pre,A,A,3.537
Pre,A,A,2.152
Pre,A,A,2.882
Pre,A,A,2.383
Pre,A,A,4.693
Pre,A,A,1.404
Pre,A,A,2.559
Pre,A,A,3.843
Pre,A,A,2.301
Pre,A,A,3.88
Pre,A,A,2.424
Pre,A,A,3.085
Pre,A,A,2.782
Pre,A,A,3.938
Pre,A,A,4.057
Pre,A,A,4.687
Pre,A,A,4.19
Pre,A,A,3.001
Pre,A,A,1.777
Pre,A,A,2.665
Pre,A,A,3.797
Pre,A,A,3.823
Pre,A,A,2.493
Pre,A,A,3.567
Pre,A,A,2.79
Pre,A,A,2.066
Pre,A,A,3.366
Pre,A,A,1.264
Pre,A,A,3.044
Pre,A,A,3.777
Pre,A,A,2.537
Pre,A,A,3.6
Pre,A,A,2.457
Pre,A,A,1.312
Pre,A,A,3.382
Pre,A,A,3.933
Pre,A,A,3.823
Pre,A,A,2.606
Pre,A,A,2.93
Pre,A,A,4.753
Pre,A,A,2.244
Pre,A,A,3.343
Pre,A,A,0.178
Pre,A,A,3.154
Pre,A,A,2.413
Pre,A,A,2.86
Pre,A,A,2.106
Pre,A,A,0.894
Pre,A,A,2.755
Pre,A,A,1.134
Pre,A,A,2.402
Pre,A,A,3.337
Pre,A,A,3.658
Pre,A,A,0.799
Dark ,B,B,0.298
Dark ,B,B,0.99
Dark ,B,B,0.347
Dark ,B,B,0.764
Dark ,B,B,1.123
Dark ,B,B,0.535
Dark ,B,B,0.596
Dark ,B,B,1.51
Dark ,B,B,0.569
Dark ,B,B,0.444
Dark ,B,B,0.97
Dark ,B,B,2.025
Dark ,B,B,1.099
Dark ,B,B,2.717
Dark ,B,B,1.972
Dark ,B,B,1.697
Dark ,B,B,1.732
Dark ,B,B,0.875
Dark ,B,B,0.251
Dark ,B,B,0.711
Dark ,B,B,1.368
Dark ,B,B,0.666
Dark ,B,B,1.225
Dark ,B,B,0.4
Dark ,B,B,0.794
Dark ,B,B,1.75
Dark ,B,B,0.298
Dark ,B,B,1.03
Dark ,B,B,1.029
Dark ,B,B,0.889
Dark ,B,B,0.388
Dark ,B,B,0.666
Dark ,B,B,1.884
Dark ,B,B,2.167
Dark ,B,B,1.611
Dark ,B,B,3.523
Dark ,B,B,1.601
Dark ,B,B,1.416
Dark ,B,B,2.932
Dark ,B,B,1.113
Dark ,B,B,0.266
Dark ,B,B,1.312
Dark ,B,B,0.622
Dark ,B,B,1.979
Dark ,B,B,1.097
Dark ,B,B,1.601
Dark ,B,B,2.424
Dark ,B,B,3.932
Dark ,B,B,2.612
Dark ,B,B,2.753
Dark ,B,B,1.356
Dark ,B,B,1.247
Dark ,B,B,3.068
Dark ,B,B,0.199
Dark ,B,B,2.447
Dark ,B,B,1.034
Dark ,B,B,2.958
Dark ,B,B,1.948
Dark ,B,B,2.233
Dark ,B,B,1.91
Dark ,B,B,1.001
Dark ,B,B,2.999
Dark ,B,B,0.894
Dark ,B,B,1.334
Dark ,B,B,1.884
Dark ,B,B,3.643
Dark ,B,B,1.709
Dark ,B,B,1.865
Dark ,B,B,2.372
Dark ,B,B,2.672
Dark ,B,B,3.199
Dark ,B,B,1.466
Dark ,B,B,2.066
Dark ,B,B,1.6
Dark ,B,B,1.32
Dark ,B,B,1.344
Dark ,B,B,0.927
Dark ,B,B,3.921
Dark ,B,B,1.373
Dark ,B,B,1.019
Dark ,B,B,1.036
Dark ,B,B,1.258
Dark ,B,B,1.354
Dark ,B,B,2.979
Dark ,B,B,1.697
Dark ,B,B,0.764
Dark ,B,B,1.796
Dark ,B,B,1.266
Dark ,B,B,3.355
Dark ,B,B,0.266
Dark ,B,B,3.752
Dark ,B,B,0.961
Dark ,B,B,0.32
Dark ,B,B,1.146
Dark ,B,B,0.604
Dark ,B,B,3.326
Dark ,B,B,1.752
Dark ,B,B,0.954
Dark ,B,B,2.701
Dark ,B,B,0.813
Dark ,B,B,3.404
Dark ,B,B,1.432
Dark ,B,B,0.716
Dark ,B,B,0.81
Dark ,B,B,0.507
Dark ,B,B,0.736
Dark ,B,B,1.225
Dark ,B,B,1.287
Dark ,B,B,2.736
Dark ,B,B,1.894
Dark ,B,B,1.465
Dark ,B,B,0.799
Dark ,B,B,3.428
Dark ,B,B,3.777
Dark ,B,B,0.933
Dark ,B,B,1.638
Dark ,B,B,0.573
Dark ,B,B,0.377
Dark ,B,B,1.685
Dark ,B,B,1.743
Dark ,B,B,1.559
Dark ,B,B,1.103
Dark ,B,B,1.932
Dark ,B,B,1.091
Dark ,B,B,0.894
Dark ,B,B,1.779
Dark ,B,B,1.829
Dark ,B,B,1.697
Dark ,B,B,2.545
Dark ,B,B,1.601
Dark ,B,B,1.256
Dark ,B,B,0.717
Dark ,B,B,0.596
Dark ,B,B,0.716
Dark ,B,B,0.711
Dark ,B,B,1.013
Dark ,B,B,0.478
Dark ,B,B,0.284
Dark ,B,B,1.158
Dark ,B,B,1.986
Dark ,B,B,0.596
Dark ,B,B,0.679
Dark ,B,B,0.614
Dark ,B,B,1.626
Dark ,B,B,0.927
Dark ,B,B,0.694
Dark ,B,B,1.085
Dark ,B,B,1.07
Dark ,B,B,0.569
Dark ,B,B,1.333
Dark ,B,B,0.708
Dark ,B,B,0.679
Dark ,B,B,1.43
Dark ,B,B,1.099
Dark ,B,B,2.316
Dark ,B,B,0.942
Dark ,B,B,1.387
Dark ,B,B,0.893
Dark ,B,B,0.533
Dark ,B,B,2.391
Dark ,B,B,1.341
Dark ,B,B,0.562
Dark ,B,B,0.533
Dark ,B,B,0.444
Dark ,B,B,0.717
Dark ,B,B,0.333
Dark ,B,B,0.444
Dark ,B,B,0.32
Dark ,B,B,0.957
Dark ,B,B,0.298
Dark ,B,B,0.799
Dark ,B,B,0.562
Dark ,B,B,0.377
Dark ,B,B,0.596
Red light,0mM,C,2.823
Red light,0mM,C,2.653
Red light,0mM,C,0.97
Red light,0mM,C,0.927
Red light,0mM,C,3.397
Red light,0mM,C,1.478
Red light,0mM,C,0.266
Red light,0mM,C,1.829
Red light,0mM,C,0.993
Red light,0mM,C,0.925
Red light,0mM,C,2.106
Red light,0mM,C,2.528
Red light,0mM,C,3.22
Red light,0mM,C,4.776
Red light,0mM,C,1.981
Red light,0mM,C,2.146
Red light,0mM,C,2.526
Red light,0mM,C,2.45
Red light,0mM,C,4.143
Red light,0mM,C,4.181
Red light,0mM,C,2.514
Red light,0mM,C,1.812
Red light,0mM,C,1.518
Red light,0mM,C,0.799
Red light,0mM,C,1.579
Red light,0mM,C,1.87
Red light,0mM,C,3.398
Red light,0mM,C,2.589
Red light,0mM,C,3.957
Red light,0mM,C,2.587
Red light,0mM,C,0.754
Red light,0mM,C,2.402
Red light,0mM,C,0.961
Red light,0mM,C,1.158
Red light,0mM,C,2.503
Red light,0mM,C,2.082
Red light,0mM,C,0.666
Red light,0mM,C,2.701
Red light,0mM,C,4.132
Red light,0mM,C,1.279
Red light,0mM,C,1.287
Red light,0mM,C,1.465
Red light,0mM,C,1.201
Red light,0mM,C,1.432
Red light,0mM,C,1.404
Red light,0mM,C,1.081
Red light,0mM,C,1.638
Red light,0mM,C,1.113
Red light,0mM,C,3.68
Red light,0mM,C,3.527
Red light,0mM,C,3.249
Red light,0mM,C,3.319
Red light,0mM,C,1.897
Red light,0mM,C,3.297
Red light,0mM,C,1.706
Red light,0mM,C,3.188
Red light,0mM,C,3.021
Red light,0mM,C,1.015
Red light,0mM,C,1.084
Red light,0mM,C,1.8
Red light,0mM,C,1.908
Red light,0mM,C,2.931
Red light,0mM,C,3.849
Red light,0mM,C,2.865
Red light,0mM,C,1.633
Red light,0mM,C,3.686
Red light,0mM,C,1.901
Red light,0mM,C,2.136
Red light,0mM,C,1.87
Red light,0mM,C,1.61
Red light,0mM,C,0.694
Red light,0mM,C,2.198
Red light,0mM,C,3.677
Red light,0mM,C,3.918
Red light,0mM,C,2.387
Red light,0mM,C,2.754
Red light,0mM,C,4.032
Red light,0mM,C,3.044
Red light,0mM,C,2.653
Red light,0mM,C,1.404
Red light,0mM,C,1.013
Red light,0mM,C,1.457
Red light,0mM,C,0.537
Red light,0mM,C,2.088
Red light,0mM,C,1.539
Red light,0mM,C,2.629
Red light,0mM,C,1.743
Red light,0mM,C,1.356
Red light,0mM,C,2.998
Red light,0mM,C,0.759
Red light,0mM,C,3.045
Red light,0mM,C,2.943
Red light,0mM,C,1.669
Red light,0mM,C,4.006
Red light,0mM,C,1.394
Red light,0mM,C,2.782
Red light,0mM,C,3.222
Red light,0mM,C,1.894
Red light,0mM,C,1.812
Red light,0mM,C,0.546
Red light,0mM,C,3.28
Red light,0mM,C,1.14
Red light,0mM,C,2.603
Red light,0mM,C,1.465
Red light,0mM,C,1.236
Red light,0.4mM,D,2.508
Red light,0.4mM,D,4.939
Red light,0.4mM,D,2.678
Red light,0.4mM,D,3.992
Red light,0.4mM,D,2.402
Red light,0.4mM,D,1.745
Red light,0.4mM,D,1.73
Red light,0.4mM,D,2.343
Red light,0.4mM,D,2.465
Red light,0.4mM,D,1.015
Red light,0.4mM,D,1.946
Red light,0.4mM,D,2.185
Red light,0.4mM,D,1.356
Red light,0.4mM,D,2.305
Red light,0.4mM,D,1.709
Red light,0.4mM,D,1.69
Red light,0.4mM,D,4.271
Red light,0.4mM,D,2.821
Red light,0.4mM,D,2.066
Red light,0.4mM,D,2.617
Red light,0.4mM,D,1.777
Red light,0.4mM,D,2.045
Red light,0.4mM,D,2.782
Red light,0.4mM,D,1.84
Red light,0.4mM,D,1.201
Red light,0.4mM,D,2.705
Red light,0.4mM,D,1.353
Red light,0.4mM,D,1.709
Red light,0.4mM,D,2.306
Red light,0.4mM,D,3.244
Red light,0.4mM,D,2.51
Red light,0.4mM,D,1.956
Red light,0.4mM,D,1.798
Red light,0.4mM,D,1.882
Red light,0.4mM,D,2.9
Red light,0.4mM,D,1.895
Red light,0.4mM,D,1.776
Red light,0.4mM,D,2.325
Red light,0.4mM,D,3.167
Red light,0.4mM,D,2.986
Red light,0.4mM,D,2.695
Red light,0.4mM,D,1.394
Red light,0.4mM,D,2.066
Red light,0.4mM,D,2.715
Red light,0.4mM,D,1.759
Red light,0.4mM,D,2.67
Red light,0.4mM,D,2.191
Red light,0.4mM,D,1.581
Red light,0.4mM,D,2.205
Red light,0.4mM,D,3.015
Red light,0.4mM,D,4.808
Red light,0.4mM,D,2.22
Red light,0.4mM,D,2.217
Red light,0.4mM,D,3.643
Red light,0.4mM,D,1.959
Red light,0.4mM,D,3.139
Red light,0.4mM,D,1.07
Red light,0.4mM,D,1.583
Red light,0.4mM,D,2.738
Red light,0.4mM,D,3.597
Red light,0.4mM,D,1.297
Red light,0.4mM,D,3.404
Red light,0.4mM,D,3.326
Red light,0.4mM,D,1.842
Red light,0.4mM,D,0.76
Red light,0.4mM,D,3.622
Red light,0.4mM,D,1.973
Red light,0.4mM,D,2.665
Red light,0.4mM,D,1.391
Red light,0.4mM,D,2.22
Red light,0.4mM,D,0.721
Red light,0.4mM,D,1.519
Red light,0.4mM,D,2.292
Red light,0.4mM,D,1.737
Red light,0.4mM,D,2.473
Red light,0.4mM,D,1.478
Red light,0.4mM,D,1.936
Red light,0.4mM,D,2.261
Red light,0.4mM,D,2.559
Red light,0.4mM,D,0.925
Red light,0.4mM,D,0.97
Red light,0.4mM,D,2.501
Red light,0.4mM,D,1.074
Red light,0.4mM,D,1.81
Red light,0.4mM,D,2.776
Red light,0.4mM,D,1.671
Red light,0.4mM,D,2.587
Red light,0.4mM,D,1.812
Red light,0.4mM,D,1.884
Red light,0.4mM,D,3.605
Red light,0.4mM,D,5.213
Red light,0.4mM,D,2.242
Red light,0.4mM,D,3.426
Red light,0.4mM,D,1.424
Red light,0.4mM,D,2.925
Red light,0.4mM,D,3.068
Red light,0.4mM,D,4.435
Red light,0.4mM,D,2.612
Red light,0.4mM,D,1.421
Red light,0.4mM,D,4.924
Red light,0.4mM,D,3.343
Red light,0.4mM,D,4.045
Red light,0.4mM,D,1.252
Red light,0.4mM,D,1.956
Red light,0.4mM,D,1.785
Red light,0.4mM,D,2.119
Red light,0.4mM,D,2.079
Red light,0.4mM,D,1.383
Red light,0.4mM,D,1.257
Red light,0.4mM,D,1.967
Red light,0.4mM,D,2.388
Red light,0.4mM,D,1.829
Red light,0.4mM,D,1.94
Red light,0.4mM,D,3.945
Red light,0.4mM,D,3.816
Red light,0.4mM,D,2.81
Red light,0.4mM,D,1.928
Red light,0.4mM,D,4.09
Red light,0.4mM,D,3.11
Red light,0.4mM,D,3.926
Red light,0.4mM,D,1.074
Red light,0.4mM,D,2.325
Red light,0.4mM,D,1.311
Red light,0.4mM,D,5.013
Red light,0.4mM,D,4.711
Red light,0.4mM,D,3.034
Red light,0.4mM,D,2.86
Red light,0.4mM,D,6.053
Red light,0.4mM,D,3.362
Red light,0.4mM,D,1.899
Red light,0.4mM,D,4.183
Red light,0.4mM,D,1.87
Red light,0.4mM,D,3.768
Red light,0.4mM,D,5.063
Red light,1mM,E,3.09
Red light,1mM,E,2.472
Red light,1mM,E,3.659
Red light,1mM,E,2.858
Red light,1mM,E,3.585
Red light,1mM,E,2.904
Red light,1mM,E,2.52
Red light,1mM,E,2.809
Red light,1mM,E,2.741
Red light,1mM,E,3.512
Red light,1mM,E,3.071
Red light,1mM,E,0.819
Red light,1mM,E,2.106
Red light,1mM,E,2.407
Red light,1mM,E,2.314
Red light,1mM,E,2.206
Red light,1mM,E,2.205
Red light,1mM,E,2.064
Red light,1mM,E,3.066
Red light,1mM,E,2.052
Red light,1mM,E,1.165
Red light,1mM,E,2.148
Red light,1mM,E,1.946
Red light,1mM,E,2.081
Red light,1mM,E,1.146
Red light,1mM,E,3.91
Red light,1mM,E,1.913
Red light,1mM,E,2.199
Red light,1mM,E,2.217
Red light,1mM,E,1.885
Red light,1mM,E,1.51
Red light,1mM,E,1.812
Red light,1mM,E,3.439
Red light,1mM,E,2.234
Red light,1mM,E,5.281
Red light,1mM,E,2.06
Red light,1mM,E,1.404
Red light,1mM,E,3.658
Red light,1mM,E,3.032
Red light,1mM,E,1.638
Red light,1mM,E,6.129
Red light,1mM,E,2.719
Red light,1mM,E,2.488
Red light,1mM,E,5.596
Red light,1mM,E,2.801
Red light,1mM,E,3.716
Red light,1mM,E,2.254
Red light,1mM,E,3.482
Red light,1mM,E,1.688
Red light,1mM,E,2.866
Red light,1mM,E,3.908
Red light,1mM,E,2.734
Red light,1mM,E,3.715
Red light,1mM,E,2.765
Red light,1mM,E,2.827
Red light,1mM,E,1.827
Red light,1mM,E,3.648
Red light,1mM,E,3.643
Red light,1mM,E,2.111
Red light,1mM,E,4.429
Red light,1mM,E,2.624
Red light,1mM,E,2.36
Red light,1mM,E,1.885
Red light,1mM,E,2.277
Red light,1mM,E,1.373
Red light,1mM,E,3.12
Red light,1mM,E,1.732
Red light,1mM,E,2.747
Red light,1mM,E,1.842
Red light,1mM,E,2.893
Red light,1mM,E,2.968
Red light,1mM,E,3.685
Red light,1mM,E,2.025
Red light,1mM,E,2.228
Red light,1mM,E,2.238
Red light,1mM,E,3.242
Red light,1mM,E,2.984
Red light,1mM,E,1.794
Red light,1mM,E,4.017
Red light,1mM,E,1.621
Red light,1mM,E,2.512
Red light,1mM,E,2.354
Red light,1mM,E,3.2
Red light,1mM,E,3.835
Red light,1mM,E,2.34
Red light,1mM,E,2.008
Red light,1mM,E,3.505
Red light,1mM,E,4.235
Red light,1mM,E,2.466
Red light,1mM,E,2.081
Red light,1mM,E,1.874
Red light,1mM,E,2.685
Red light,1mM,E,3.079
Red light,1mM,E,1.812
Red light,1mM,E,4.278
Red light,1mM,E,2.736
Red light,1mM,E,4.809
Red light,1mM,E,2.601
Red light,1mM,E,2.836
Red light,1mM,E,4.447
Red light,1mM,E,5.602
Red light,1mM,E,4.148
Red light,1mM,E,2.545
Red light,1mM,E,4.639
Red light,1mM,E,2.834
Red light,1mM,E,1.865
Red light,1mM,E,2.139
Red light,1mM,E,1.819
Red light,30mM,F,2.34
Red light,30mM,F,5.196
Red light,30mM,F,1.732
Red light,30mM,F,0.957
Red light,30mM,F,1.998
Red light,30mM,F,1.243
Red light,30mM,F,1.266
Red light,30mM,F,3.103
Red light,30mM,F,1.831
Red light,30mM,F,2.826
Red light,30mM,F,1.884
Red light,30mM,F,1.759
Red light,30mM,F,1.999
Red light,30mM,F,2.606
Red light,30mM,F,1.867
Red light,30mM,F,1.888
Red light,30mM,F,2.754
Red light,30mM,F,2.614
Red light,30mM,F,3.11
Red light,30mM,F,1.792
Red light,30mM,F,1.725
Red light,30mM,F,2.469
Red light,30mM,F,2.043
Red light,30mM,F,2.132
Red light,30mM,F,1.277
Red light,30mM,F,1.482
Red light,30mM,F,0.562
Red light,30mM,F,1.534
Red light,30mM,F,4.569
Red light,30mM,F,1.671
Red light,30mM,F,1.638
Red light,30mM,F,2.085
Red light,30mM,F,1.601
Red light,30mM,F,2.504
Red light,30mM,F,2.414
Red light,30mM,F,2.823
Red light,30mM,F,3.204
Red light,30mM,F,2.45
Red light,30mM,F,1.959
Red light,30mM,F,3.102
Red light,30mM,F,3.475
Red light,30mM,F,4.853
Red light,30mM,F,3.19
Red light,30mM,F,1.649
Red light,30mM,F,3.18
Red light,30mM,F,2.86
Red light,30mM,F,3.337
Red light,30mM,F,3.198
Red light,30mM,F,1.733
Red light,30mM,F,2.365
Red light,30mM,F,1.776
Red light,30mM,F,0.838
Red light,30mM,F,0.819
Red light,30mM,F,1.225
Red light,30mM,F,1.43
Red light,30mM,F,2.091
Red light,30mM,F,1.853
Red light,30mM,F,3.944
Red light,30mM,F,2.543
Red light,30mM,F,3.056
Red light,30mM,F,2.025
Red light,30mM,F,2.066
Red light,30mM,F,2.136
Red light,50mM,G,0.998
Red light,50mM,G,1.033
Red light,50mM,G,1.307
Red light,50mM,G,1.966
Red light,50mM,G,0.549
Red light,50mM,G,2.026
Red light,50mM,G,1.041
Red light,50mM,G,1.519
Red light,50mM,G,0.717
Red light,50mM,G,1.513
Red light,50mM,G,1.367
Red light,50mM,G,1.847
Red light,50mM,G,1.036
Red light,50mM,G,0.694
Red light,50mM,G,0.6
Red light,50mM,G,1.61
Red light,50mM,G,1.432
Red light,50mM,G,1.905
Red light,50mM,G,2.254
Red light,50mM,G,2.625
Red light,50mM,G,0.453
Red light,50mM,G,1.649
Red light,50mM,G,5.383
Red light,50mM,G,2.789
Red light,50mM,G,2.082
Red light,50mM,G,4.814
Red light,50mM,G,0.307
Red light,50mM,G,0.397
Red light,50mM,G,0.666
Red light,50mM,G,0.888
Red light,50mM,G,1.822
Red light,50mM,G,0.679
Red light,50mM,G,0.732
Red light,50mM,G,1.084
Red light,50mM,G,4.152
Red light,50mM,G,0.866
Red light,50mM,G,1.467
Red light,50mM,G,1.103
Red light,50mM,G,1.507
Red light,50mM,G,1.68
Red light,50mM,G,0.894
Red light,50mM,G,0.333
Red light,50mM,G,1.163
Red light,50mM,G,1.132
Red light,50mM,G,1.498
Red light,50mM,G,0.889
Red light,50mM,G,1.468
Red light,50mM,G,0.471
Red light,50mM,G,1.515
Red light,50mM,G,1.27
Red light,50mM,G,1.57
Red light,50mM,G,3.222
Red light,50mM,G,1.851
Red light,50mM,G,2.043
Red light,50mM,G,2.375
Red light,50mM,G,3.202
Red light,50mM,G,3.736
Red light,50mM,G,5.005
Red light,50mM,G,4.132
Red light,50mM,G,3.505
Red light,50mM,G,1.901
Red light,50mM,G,2.525
Red light,50mM,G,0.732
Red light,50mM,G,0.447
Red light,50mM,G,0.776
Red light,50mM,G,2.83
Red light,50mM,G,1.644
Red light,50mM,G,2.233
Red light,50mM,G,0.628
Red light,50mM,G,1.257
Red light,50mM,G,1.672
Red light,50mM,G,3.353
Red light,50mM,G,1.821
Red light,50mM,G,1.702
Red light,50mM,G,1.734
Red light,50mM,G,1.571
Red light,50mM,G,1.234
Red light,50mM,G,2.234
Red light,50mM,G,1.75
Red light,50mM,G,1.831
Red light,50mM,G,1.626
Red light,50mM,G,0.925
Red light,50mM,G,1.52
Red light,50mM,G,1.192
Red light,50mM,G,0.622
Red light,50mM,G,0.942
Red light,50mM,G,1.192
Red light,50mM,G,4.331
Red light,50mM,G,1.312
Red light,50mM,G,1.404
Red light,50mM,G,2.331
Red light,50mM,G,0.666
Red light,50mM,G,2.292
Red light,50mM,G,1.812
Red light,50mM,G,2.886
Red light,50mM,G,0.854
Red light,50mM,G,2.743
Red light,50mM,G,0.444
Red light,50mM,G,0.622
Red light,50mM,G,1.199
Red light,50mM,G,2.025
Red light,50mM,G,1.465
Red light,50mM,G,0.562
Red light,100mM,H,1.59
Red light,100mM,H,2.327
Red light,100mM,H,2.088
Red light,100mM,H,1.497
Red light,100mM,H,2.86
Red light,100mM,H,2.212
Red light,100mM,H,1.977
Red light,100mM,H,4.36
Red light,100mM,H,1.243
Red light,100mM,H,3.179
Red light,100mM,H,1.981
Red light,100mM,H,1.113
Red light,100mM,H,2.772
Red light,100mM,H,1.455
Red light,100mM,H,0.259
Red light,100mM,H,0.628
Red light,100mM,H,0.603
Red light,100mM,H,0.14
Red light,100mM,H,2.135
Red light,100mM,H,0.813
Red light,100mM,H,0.853
Red light,100mM,H,1.066
Red light,100mM,H,0.748
Red light,100mM,H,0.659
Red light,100mM,H,0.619
Red light,100mM,H,1.163
Red light,100mM,H,0.266
Red light,100mM,H,0.537
Red light,100mM,H,0.981
Red light,100mM,H,1.201
Red light,100mM,H,1.432
Red light,100mM,H,2.003
Red light,100mM,H,1.604
Red light,100mM,H,1.237
Red light,100mM,H,0.888
Red light,100mM,H,0.603
Red light,100mM,H,1.4
Red light,100mM,H,0.802
Red light,100mM,H,1.708
Red light,100mM,H,2.22
Red light,100mM,H,0.537
Red light,100mM,H,0.226
Red light,100mM,H,0.4
Red light,100mM,H,1.405
Red light,100mM,H,0.961
Red light,100mM,H,1.638
Red light,100mM,H,1.61
Red light,100mM,H,0.819
Red light,100mM,H,2.439
Red light,100mM,H,2.734
Red light,100mM,H,0.405
Red light,100mM,H,0.981
Red light,100mM,H,2.37
Red light,100mM,H,5.505
Red light,100mM,H,1.648
Red light,100mM,H,3.136
Red light,100mM,H,4.561
Red light,100mM,H,0.843
Red light,100mM,H,0.799
Red light,100mM,H,0.48
Red light,100mM,H,1.138
Red light,100mM,H,0.944
Red light,100mM,H,0.284
Red light,100mM,H,1.538
Red light,100mM,H,1.041
Red light,100mM,H,1.838
Red light,100mM,H,0.869
Red light,100mM,H,0.628
Red light,100mM,H,0.14
Red light,100mM,H,1.638
Red light,100mM,H,1.314
Red light,100mM,H,1.068
Red light,100mM,H,0.716
Red light,100mM,H,0.471
Red light,100mM,H,0.896
Red light,100mM,H,0.569
Red light,100mM,H,0.717
Red light,100mM,H,1.416
Red light,100mM,H,1.51
Red light,100mM,H,0.333
Red light,100mM,H,0.466
Red light,100mM,H,2.264
Red light,100mM,H,1.622
Red light,100mM,H,0.897
Red light,100mM,H,2.867
Red light,100mM,H,1.103
Red light,100mM,H,3.759
Red light,100mM,H,1.609
Red light,100mM,H,0.251
Red light,100mM,H,0.935
Red light,100mM,H,0.32
Red light,100mM,H,1.257
Red light,100mM,H,1.113
Red light,100mM,H,1.163
Red light,100mM,H,1.312
Red light,100mM,H,0.333
Red light,100mM,H,0.569
Red light,100mM,H,0.716
Red light,100mM,H,1.146
Red light,100mM,H,1.649
Red light,100mM,H,2.011
Red light,100mM,H,1.262
Red light,100mM,H,1.163
exp1,100mM,H,1.6
exp1,100mM,H,1.52
exp1,100mM,H,1.894
exp1,100mM,H,1.391
exp1,100mM,H,1.981
exp1,100mM,H,1.113
exp1,100mM,H,3.209
exp1,100mM,H,2.222
exp1,100mM,H,1.463
exp1,100mM,H,0.506
exp1,100mM,H,3.376
exp1,100mM,H,0.993
exp1,100mM,H,0.942
exp1,100mM,H,2.539
exp1,100mM,H,1.629
exp1,100mM,H,1.341
exp1,100mM,H,2.867
exp1,100mM,H,0.838
exp1,100mM,H,2.014
exp1,100mM,H,1.677
exp1,100mM,H,2.936
exp1,100mM,H,1.163
exp1,100mM,H,1.554
exp1,100mM,H,1.551
exp1,100mM,H,1.252
exp1,100mM,H,2.86
exp1,100mM,H,1.688
exp1,100mM,H,1.49
exp1,100mM,H,0.899
exp1,100mM,H,1.917
exp1,100mM,H,1.353
exp1,100mM,H,0.993
exp1,100mM,H,1.312
exp1,100mM,H,1.178
exp1,100mM,H,1.551
exp1,100mM,H,1.281
exp1,100mM,H,0.333
exp1,100mM,H,0.33
exp1,100mM,H,3.488
exp1,100mM,H,1.899
exp1,100mM,H,1.373
exp1,100mM,H,3.348
exp1,100mM,H,1.551
exp1,100mM,H,2.884
exp1,100mM,H,0.843
exp1,100mM,H,2.823
exp1,100mM,H,1.413
exp1,100mM,H,3.957
exp1,100mM,H,3.961
exp1,100mM,H,0.838
exp1,100mM,H,1.555
exp1,100mM,H,1.387
exp1,100mM,H,1.54
exp1,100mM,H,3.023
exp1,100mM,H,0.464
exp1,100mM,H,1.645
exp1,100mM,H,1.534
exp1,100mM,H,2.828
exp1,100mM,H,2.214
exp1,100mM,H,2.413
exp1,100mM,H,1.672
exp1,100mM,H,0.801
exp1,100mM,H,1.742
exp1,100mM,H,2.261
exp1,100mM,H,2.773
exp1,50mM,G,2.391
exp1,50mM,G,2.399
exp1,50mM,G,2.87
exp1,50mM,G,2.682
exp1,50mM,G,3.345
exp1,50mM,G,1.123
exp1,50mM,G,1.95
exp1,50mM,G,2.655
exp1,50mM,G,4.001
exp1,50mM,G,3.156
exp1,50mM,G,4.711
exp1,50mM,G,2.589
exp1,50mM,G,1.681
exp1,50mM,G,0.52
exp1,50mM,G,2.881
exp1,50mM,G,2.06
exp1,50mM,G,1.777
exp1,50mM,G,3.573
exp1,50mM,G,3.375
exp1,50mM,G,3.997
exp1,50mM,G,3.333
exp1,50mM,G,3.052
exp1,50mM,G,3.88
exp1,50mM,G,2.247
exp1,50mM,G,2.577
exp1,50mM,G,5.621
exp1,50mM,G,2.175
exp1,50mM,G,2.804
exp1,50mM,G,2.753
exp1,50mM,G,2.796
exp1,50mM,G,2.983
exp1,50mM,G,2.562
exp1,50mM,G,2.426
exp1,50mM,G,2.146
exp1,50mM,G,2.4
exp1,50mM,G,2.996
exp1,50mM,G,2.665
exp1,50mM,G,1.826
exp1,50mM,G,2.799
exp1,50mM,G,2.977
exp1,50mM,G,3.291
exp1,50mM,G,3.43
exp1,50mM,G,3.382
exp1,50mM,G,1.777
exp1,50mM,G,3.313
exp1,50mM,G,1.617
exp1,50mM,G,3.417
exp1,50mM,G,2
exp1,50mM,G,1.315
exp1,50mM,G,1.886
exp1,50mM,G,0.933
exp1,50mM,G,0.804
exp1,50mM,G,3.417
exp1,50mM,G,0.961
exp1,50mM,G,1.966
exp1,50mM,G,1.652
exp1,50mM,G,5.024
exp1,50mM,G,2.051
exp1,50mM,G,1.555
exp1,50mM,G,2.685
exp1,50mM,G,3.366
exp1,50mM,G,2.36
exp1,50mM,G,2.135
exp1,50mM,G,2.576
exp1,50mM,G,2.665
exp1,50mM,G,2.197
exp1,50mM,G,1.566
exp1,50mM,G,2.402
exp1,50mM,G,0.721
exp1,50mM,G,1.665
exp1,50mM,G,2.096
exp1,50mM,G,1.792
exp1,50mM,G,2.132
exp1,50mM,G,0.444
exp1,50mM,G,2.264
exp1,50mM,G,4.477
exp1,50mM,G,2.424
exp1,50mM,G,3.009
exp1,50mM,G,1.479
exp1,50mM,G,2.399
exp1,50mM,G,2.747
exp1,50mM,G,1.515
exp1,50mM,G,2.483
exp1,50mM,G,3.625
exp1,50mM,G,3.825
exp1,50mM,G,2.336
exp1,50mM,G,1.826
exp1,50mM,G,2.165
exp1,50mM,G,1.998
exp1,50mM,G,2.476
exp1,50mM,G,1.669
exp1,50mM,G,3.575
exp1,50mM,G,3.57
exp1,50mM,G,2.421
exp1,50mM,G,1.602
exp1,50mM,G,1.432
exp1,50mM,G,3.139
exp1,50mM,G,1.829
exp1,50mM,G,3.052
exp1,50mM,G,0.921
exp1,50mM,G,2.639
exp1,50mM,G,4.201
exp1,50mM,G,2.347
exp1,50mM,G,2.062
exp1,50mM,G,1.691
exp1,50mM,G,2.5
exp1,50mM,G,2.133
exp1,50mM,G,2.468
exp1,50mM,G,2.782
exp1,50mM,G,3.105
exp1,50mM,G,1.796
exp1,50mM,G,4.677
exp1,50mM,G,2.457
exp1,50mM,G,1.405
exp1,50mM,G,5.309
exp1,50mM,G,1.913
exp1,50mM,G,3.487
exp1,50mM,G,2.624
exp1,50mM,G,0.694
exp1,50mM,G,0.858
exp1,50mM,G,1.575
exp1,50mM,G,2.132
exp1,50mM,G,1.002
exp1,50mM,G,3.575
exp1,30mM,F,1.601
exp1,30mM,F,2.553
exp1,30mM,F,4.503
exp1,30mM,F,3.794
exp1,30mM,F,2.624
exp1,30mM,F,4.469
exp1,30mM,F,1.94
exp1,30mM,F,3.536
exp1,30mM,F,2.085
exp1,30mM,F,2.267
exp1,30mM,F,4.898
exp1,30mM,F,3.512
exp1,30mM,F,2.997
exp1,30mM,F,1.959
exp1,30mM,F,4.924
exp1,30mM,F,1.519
exp1,30mM,F,2.893
exp1,30mM,F,5.753
exp1,30mM,F,3.178
exp1,30mM,F,2.958
exp1,30mM,F,2.043
exp1,30mM,F,2.247
exp1,30mM,F,2.247
exp1,30mM,F,4.078
exp1,30mM,F,1.559
exp1,30mM,F,6.065
exp1,30mM,F,3.731
exp1,30mM,F,2.045
exp1,30mM,F,4.687
exp1,30mM,F,4.489
exp1,30mM,F,3.47
exp1,30mM,F,2.236
exp1,30mM,F,1.534
exp1,30mM,F,1.96
exp1,30mM,F,2.892
exp1,30mM,F,5.323
exp1,30mM,F,3.536
exp1,30mM,F,4.231
exp1,30mM,F,3.706
exp1,30mM,F,2.628
exp1,30mM,F,2.459
exp1,30mM,F,2.337
exp1,30mM,F,1.708
exp1,30mM,F,3.517
exp1,30mM,F,2.707
exp1,30mM,F,2.486
exp1,30mM,F,3.545
exp1,30mM,F,2.175
exp1,30mM,F,2.029
exp1,30mM,F,4.418
exp1,30mM,F,4.837
exp1,30mM,F,3.041
exp1,30mM,F,3.587
exp1,30mM,F,1.528
exp1,30mM,F,2.029
exp1,30mM,F,1.196
exp1,30mM,F,3.267
exp1,30mM,F,3.347
exp1,30mM,F,2.117
exp1,30mM,F,2.247
exp1,30mM,F,3.905
exp1,30mM,F,5.596
exp1,30mM,F,4.156
exp1,30mM,F,2.952
exp1,30mM,F,2.701
exp1,30mM,F,4.305
exp1,30mM,F,5.55
exp1,30mM,F,2.014
exp1,30mM,F,4.978
exp1,30mM,F,3.876
exp1,30mM,F,4.66
exp1,30mM,F,3.497
exp1,30mM,F,2.759
exp1,30mM,F,2.136
exp1,30mM,F,5.804
exp1,30mM,F,1.737
exp1,30mM,F,3.376
exp1,30mM,F,4.181
exp1,30mM,F,1.818
exp1,30mM,F,2.383
exp1,30mM,F,3.815
exp1,30mM,F,2.741
exp1,30mM,F,4.246
exp1,30mM,F,2.357
exp1,30mM,F,2.169
exp1,30mM,F,4.367
exp1,30mM,F,1.559
exp1,30mM,F,3.078
exp1,30mM,F,1.897
exp1,30mM,F,2.003
exp1,30mM,F,6.253
exp1,30mM,F,5.364
exp1,30mM,F,2.956
exp1,30mM,F,4.37
exp1,30mM,F,5.304
exp1,30mM,F,2.662
exp1,30mM,F,5.462
exp1,30mM,F,5.087
exp1,30mM,F,1.968
exp1,30mM,F,4.337
exp1,30mM,F,1.332
exp1,30mM,F,1.732
exp1,30mM,F,1.8
exp1,30mM,F,2.701
exp1,30mM,F,3.88
exp1,30mM,F,4.55
exp1,30mM,F,3.041
exp1,30mM,F,2.345
exp1,30mM,F,2.624
exp1,30mM,F,3.252
exp1,30mM,F,4.975
exp1,30mM,F,2.145
exp1,30mM,F,4.158
exp1,30mM,F,2.543
exp1,30mM,F,2.617
exp1,30mM,F,1.601
exp1,30mM,F,5.701
exp1,30mM,F,6.355
exp1,30mM,F,2.719
exp1,30mM,F,4.246
exp1,30mM,F,3.474
exp1,30mM,F,5.942
exp1,30mM,F,5.469
exp1,30mM,F,5.622
exp1,30mM,F,5.084
exp1,30mM,F,4.584
exp1,30mM,F,1.948
exp1,30mM,F,1.967
exp1,30mM,F,5.198
exp1,30mM,F,4.382
exp1,30mM,F,2.22
exp1,30mM,F,2.9
exp1,30mM,F,1.273
exp1,30mM,F,5.654
exp1,30mM,F,2.119
exp1,30mM,F,2.402
exp1,30mM,F,4.693
exp1,30mM,F,4.425
exp1,30mM,F,4.114
exp1,30mM,F,2.512
exp1,1mM,E,6.483
exp1,1mM,E,1.865
exp1,1mM,E,3.58
exp1,1mM,E,2.457
exp1,1mM,E,5.958
exp1,1mM,E,5.078
exp1,1mM,E,3.908
exp1,1mM,E,4.913
exp1,1mM,E,3.497
exp1,1mM,E,6.118
exp1,1mM,E,4.441
exp1,1mM,E,3.853
exp1,1mM,E,3.856
exp1,1mM,E,3.326
exp1,1mM,E,4.293
exp1,1mM,E,3.041
exp1,1mM,E,6.009
exp1,1mM,E,5.827
exp1,1mM,E,4.444
exp1,1mM,E,5.73
exp1,1mM,E,4.632
exp1,1mM,E,5.351
exp1,1mM,E,3.843
exp1,1mM,E,7.308
exp1,1mM,E,7.361
exp1,1mM,E,6.8
exp1,1mM,E,6.667
exp1,1mM,E,2.698
exp1,1mM,E,4.619
exp1,1mM,E,5.975
exp1,1mM,E,5.515
exp1,1mM,E,3.843
exp1,1mM,E,2.956
exp1,1mM,E,7.092
exp1,1mM,E,5.024
exp1,1mM,E,4.195
exp1,1mM,E,5.462
exp1,1mM,E,4.265
exp1,1mM,E,4.129
exp1,1mM,E,3.905
exp1,1mM,E,5.179
exp1,1mM,E,3.49
exp1,1mM,E,5.493
exp1,1mM,E,3.815
exp1,1mM,E,3.331
exp1,1mM,E,6.517
exp1,1mM,E,3.468
exp1,1mM,E,4.14
exp1,1mM,E,2.535
exp1,1mM,E,3.016
exp1,1mM,E,2.842
exp1,1mM,E,1.829
exp1,1mM,E,2.986
exp1,1mM,E,1.851
exp1,1mM,E,2.317
exp1,1mM,E,2.402
exp1,1mM,E,1.472
exp1,1mM,E,4.22
exp1,1mM,E,2.889
exp1,1mM,E,4.111
exp1,1mM,E,3.056
exp1,1mM,E,3.662
exp1,1mM,E,2.666
exp1,1mM,E,2.003
exp1,1mM,E,5.438
exp1,1mM,E,4.282
exp1,1mM,E,2.998
exp1,1mM,E,2.354
exp1,1mM,E,3.813
exp1,1mM,E,3.449
exp1,1mM,E,2.896
exp1,1mM,E,2.747
exp1,1mM,E,2.261
exp1,1mM,E,3.438
exp1,1mM,E,2.685
exp1,1mM,E,5.513
exp1,1mM,E,3.885
exp1,1mM,E,1.138
exp1,1mM,E,3.434
exp1,1mM,E,2.416
exp1,1mM,E,2.194
exp1,1mM,E,2.789
exp1,1mM,E,5.925
exp1,1mM,E,4.098
exp1,1mM,E,3.412
exp1,1mM,E,5.371
exp1,1mM,E,1.986
exp1,1mM,E,2.893
exp1,1mM,E,4.008
exp1,1mM,E,1.84
exp1,1mM,E,2.283
exp1,1mM,E,2.37
exp1,1mM,E,1.519
exp1,1mM,E,5.279
exp1,1mM,E,2.17
exp1,1mM,E,2.309
exp1,1mM,E,1.601
exp1,1mM,E,1.199
exp1,1mM,E,2.327
exp1,1mM,E,1.385
exp1,1mM,E,2.426
exp1,0.4mM,D,4.387
exp1,0.4mM,D,2.214
exp1,0.4mM,D,4.212
exp1,0.4mM,D,1.319
exp1,0.4mM,D,3.873
exp1,0.4mM,D,0.802
exp1,0.4mM,D,2.783
exp1,0.4mM,D,3.286
exp1,0.4mM,D,3.403
exp1,0.4mM,D,5.14
exp1,0.4mM,D,3.474
exp1,0.4mM,D,4.337
exp1,0.4mM,D,2.934
exp1,0.4mM,D,2.403
exp1,0.4mM,D,1.601
exp1,0.4mM,D,0.999
exp1,0.4mM,D,2.783
exp1,0.4mM,D,4.536
exp1,0.4mM,D,1.394
exp1,0.4mM,D,1.715
exp1,0.4mM,D,2.135
exp1,0.4mM,D,2.493
exp1,0.4mM,D,5.447
exp1,0.4mM,D,2.416
exp1,0.4mM,D,3.02
exp1,0.4mM,D,1.574
exp1,0.4mM,D,2.743
exp1,0.4mM,D,1.831
exp1,0.4mM,D,3.769
exp1,0.4mM,D,5.723
exp1,0.4mM,D,3.747
exp1,0.4mM,D,3.199
exp1,0.4mM,D,4.512
exp1,0.4mM,D,3.554
exp1,0.4mM,D,3.242
exp1,0.4mM,D,3.337
exp1,0.4mM,D,4.087
exp1,0.4mM,D,4.139
exp1,0.4mM,D,1.986
exp1,0.4mM,D,3.849
exp1,0.4mM,D,4.139
exp1,0.4mM,D,2.043
exp1,0.4mM,D,3.547
exp1,0.4mM,D,2.678
exp1,0.4mM,D,4.584
exp1,0.4mM,D,2.514
exp1,0.4mM,D,1.697
exp1,0.4mM,D,3.477
exp1,0.4mM,D,3.057
exp1,0.4mM,D,3.794
exp1,0.4mM,D,2.468
exp1,0.4mM,D,1.066
exp1,0.4mM,D,2.675
exp1,0.4mM,D,2.003
exp1,0.4mM,D,0.906
exp1,0.4mM,D,4.609
exp1,0.4mM,D,3.464
exp1,0.4mM,D,3.505
exp1,0.4mM,D,2.22
exp1,0.4mM,D,3.122
exp1,0.4mM,D,2.309
exp1,0.4mM,D,3.563
exp1,0.4mM,D,1.728
exp1,0.4mM,D,0.998
exp1,0.4mM,D,2.867
exp1,0.4mM,D,5.158
exp1,0.4mM,D,3.729
exp1,0.4mM,D,2.402
exp1,0.4mM,D,3.6
exp1,0.4mM,D,3.178
exp1,0.4mM,D,2.331
exp1,0.4mM,D,2.081
exp1,0.4mM,D,2.892
exp1,0.4mM,D,2.577
exp1,0.4mM,D,1.706
exp1,0.4mM,D,3.242
exp1,0.4mM,D,4.691
exp1,0.4mM,D,3.866
exp1,0.4mM,D,2.909
exp1,0.4mM,D,2.439
exp1,0.4mM,D,1.729
exp1,0.4mM,D,2.848
exp1,0.4mM,D,3.697
exp1,0.4mM,D,2.725
exp1,0.4mM,D,2.207
exp1,0.4mM,D,2.217
exp1,0.4mM,D,3.256
exp1,0.4mM,D,2.478
exp1,0.4mM,D,2.591
exp1,0.4mM,D,1.435
exp1,0.4mM,D,2.92
exp1,0.4mM,D,2.383
exp1,0.4mM,D,3.018
exp1,0.4mM,D,4.484
exp1,0.4mM,D,4.399
exp1,0.4mM,D,3.636
exp1,0.4mM,D,1.977
exp1,0.4mM,D,1.199
exp1,0.4mM,D,4.028
exp1,0.4mM,D,2.882
exp1,0.4mM,D,3.814
exp1,0.4mM,D,2.922
exp1,0.4mM,D,2.008
exp1,0.4mM,D,2.119
exp1,0.4mM,D,5.028
exp1,0.4mM,D,6.937
exp1,0.4mM,D,2.236
exp1,0.4mM,D,5.479
exp1,0.4mM,D,4.352
exp1,0.4mM,D,2.402
exp1,0.4mM,D,1.831
exp1,0.4mM,D,5.652
exp1,0.4mM,D,2.096
exp1,0.4mM,D,2.994
exp1,0.4mM,D,2.512
exp1,0.4mM,D,4.145
exp1,0.4mM,D,1.95
exp1,0.4mM,D,3.362
exp1,0.4mM,D,1.936
exp1,0.4mM,D,1.339
exp1,0.4mM,D,2.483
exp1,0.4mM,D,2.67
exp1,0.4mM,D,3.148
exp1,0.4mM,D,1.981
exp1,0.4mM,D,4.912
exp1,0.4mM,D,1.899
exp1,0.4mM,D,1.822
exp1,0.4mM,D,4.364
exp1,0.4mM,D,2.501
exp1,0.4mM,D,3.664
exp1,0.4mM,D,5.743
exp1,0.4mM,D,7.161
exp1,0.4mM,D,3.73
exp1,0.4mM,D,1.319
exp1,0.4mM,D,3.716
exp1,0.4mM,D,3.639
exp1,0.4mM,D,3.218
exp1,0.4mM,D,4.234
exp1,0.4mM,D,3.74
exp1,0.4mM,D,5.773
exp1,0.4mM,D,2.711
exp1,0.4mM,D,4.612
exp1,0.4mM,D,3.02
exp1,0.4mM,D,2.932
exp1,0.4mM,D,3.557
exp1,0.4mM,D,4.399
exp1,0.4mM,D,5.07
exp1,0.4mM,D,3.373
exp1,0.4mM,D,3.319
exp1,0.4mM,D,2.54
exp1,0mM,C,1.32
exp1,0mM,C,0.937
exp1,0mM,C,1.73
exp1,0mM,C,1.585
exp1,0mM,C,2.073
exp1,0mM,C,0.99
exp1,0mM,C,1.084
exp1,0mM,C,0.894
exp1,0mM,C,2.674
exp1,0mM,C,1.911
exp1,0mM,C,2.125
exp1,0mM,C,2.981
exp1,0mM,C,1.333
exp1,0mM,C,2.416
exp1,0mM,C,1.737
exp1,0mM,C,1.69
exp1,0mM,C,1.818
exp1,0mM,C,1.223
exp1,0mM,C,2.145
exp1,0mM,C,2.262
exp1,0mM,C,0.695
exp1,0mM,C,1.013
exp1,0mM,C,0.537
exp1,0mM,C,1.4
exp1,0mM,C,1.831
exp1,0mM,C,0.819
exp1,0mM,C,1.777
exp1,0mM,C,2.226
exp1,0mM,C,1.07
exp1,0mM,C,5.087
exp1,0mM,C,1.332
exp1,0mM,C,1.599
exp1,0mM,C,1.557
exp1,0mM,C,4.887
exp1,0mM,C,1.332
exp1,0mM,C,1.884
exp1,0mM,C,3.056
exp1,0mM,C,4.312
exp1,0mM,C,4.057
exp1,0mM,C,3.314
exp1,0mM,C,2.788
exp1,0mM,C,2.665
exp1,0mM,C,3.07
exp1,0mM,C,1.77
exp1,0mM,C,4.183
exp1,0mM,C,2.403
exp1,0mM,C,2.477
exp1,0mM,C,1.757
exp1,0mM,C,0.178
exp1,0mM,C,2.264
exp1,0mM,C,2.86
exp1,0mM,C,0.666
exp1,0mM,C,1.332
exp1,0mM,C,1.32
exp1,0mM,C,2.263
exp1,0mM,C,1.798
exp1,0mM,C,3.341
exp1,0mM,C,1.256
exp1,0mM,C,1.502
exp1,0mM,C,1.353
exp1,0mM,C,2.209
exp1,0mM,C,0.806
exp1,0mM,C,1.594
exp1,0mM,C,1.935
exp1,0mM,C,2.045
exp1,0mM,C,3.406
exp1,0mM,C,3.02
exp1,0mM,C,2.42
exp1,0mM,C,1.709
exp1,0mM,C,3.546
exp1,0mM,C,1.88
exp1,0mM,C,0.866
exp1,0mM,C,1.601
exp1,0mM,C,2.638
exp1,0mM,C,1.571
exp1,0mM,C,1.803
exp1,0mM,C,3.428
exp1,0mM,C,1.479
exp1,0mM,C,2.045
exp1,0mM,C,4.046
exp1,0mM,C,3.167
exp1,0mM,C,2.624
exp1,0mM,C,1.981
exp1,0mM,C,1.777
exp1,0mM,C,2.602
exp1,0mM,C,3.107
exp1,0mM,C,1.266
exp1,0mM,C,1.399
exp1,0mM,C,3.375
exp1,0mM,C,3.175
exp1,0mM,C,3.736
exp1,0mM,C,3.052
exp1,0mM,C,2.343
exp1,0mM,C,2.962
exp1,0mM,C,3.065
exp1,0mM,C,2.695
exp1,0mM,C,3.016
exp1,0mM,C,1.349
exp1,0mM,C,2.431
exp1,0mM,C,1.927
exp1,0mM,C,2.577
exp1,0mM,C,1.745
exp1,0mM,C,0.862
exp1,0mM,C,1.6
exp1,0mM,C,1.928
exp1,0mM,C,2.665
exp1,0mM,C,1.468
exp1,0mM,C,2.545
exp1,0mM,C,2.371
